Pressure,Flow_Rate,Temperature,Vibration,RPM,Operational_Hours,Leakage_Flag
63.64262059829476,77.75635311772528,18.30938177151726,2.482967752678623,1628.1497999272278,5156.549232386792,0
82.79150863760765,53.33285788830761,17.84072857410922,1.6492506719702922,1531.1917573701458,3660.93953901946,0
97.90507594519408,35.26579679537225,15.055845047269065,1.8483926935852915,1434.7614667418466,8165.252952830631,0
76.66666437150182,42.24804481275844,30.798582329995547,1.0830701910502905,1483.980118115431,2129.209130838506,0
82.44354792637753,49.69857219787547,24.78129917729027,3.343731087410335,1671.0129875099642,2537.735652189633,0
75.93021163967339,30.9698340663564,17.07775707687081,2.107045102697412,1760.4989854942878,4239.41806958142,0
88.6929054784975,35.33989394505648,30.66631990207533,2.438064454434727,1445.2621632421035,9133.596472446612,0
59.93110516073974,79.45554829070238,23.668170651463146,3.1420859542853967,1651.4738407703182,7034.430126728495,1
62.12027088167216,46.988935538372004,28.147611166055714,2.102222388667464,1726.5804320185912,9478.249674130651,0
72.17507594988273,48.57785944586585,30.05841042956102,3.130122536004883,1864.2086366976587,7784.245607172066,0
58.11141197448104,43.15399574908923,27.32998212133986,3.315675075846185,1357.3033202571492,5694.735455531655,1
65.35451725414929,84.7670406500877,19.451526363271217,2.7099203747610505,1629.9860031176959,4280.569110912893,0
67.28542496268946,53.79464051894371,28.144315006095336,2.254722854702269,1540.20954094834,1147.1315651136235,0
76.36766375244477,78.29627742332993,24.52548685846629,1.713896578064452,1430.4008047074963,9273.260551856538,0
67.46149448733189,60.676068871228665,27.8441069762031,1.972711446937414,1615.6581392991338,8243.595918217266,0
68.62157487498457,51.54017987179897,24.000847023287697,2.5809948065585093,1749.3410936497917,5695.410837298776,0
67.28223188958658,37.56736879259023,22.59416103872778,1.986296796658863,1387.296070578327,8167.686898095647,0
70.12434875122321,42.51718975901645,16.611662259386826,3.173477656338604,1544.5878486126026,9152.89280786747,0
61.29705954233445,21.657666568418133,25.463090725205753,1.728853534506352,1235.412107265991,9046.516052904759,0
63.80651353470959,43.57839616115216,19.915797818146913,3.217070131697953,969.5635180775073,429.27226775959826,0
66.34323692862088,68.35733399520245,25.84193641834631,2.803389687626854,1154.6456693506782,2786.2057368043406,0
71.53957593920457,52.1892348702631,24.308378752678838,2.3076130910350106,1728.7863521431557,6143.361616218672,0
67.18468446099378,54.916760257256136,22.15125896400428,3.1071027815787575,1639.667192213536,7507.679135996538,0
68.5236450667615,76.19975511296923,25.716766514382783,1.9898130371186622,1501.623604551965,1227.194739463435,0
76.71752501914482,56.798268758259475,22.30767299796207,2.6458397111046312,1601.7569131530583,5873.161515660692,0
64.63376488177809,48.91292961414483,29.599356693941264,2.6997655713942583,1527.002638719837,9753.027160140206,0
80.04101616402801,39.499304330432906,27.21795059269855,2.934552906130406,1550.225526889101,8419.868233674057,0
74.24167032406321,11.129073622447592,26.817907181633448,3.177234935015018,1350.0933771777086,3814.390078694794,0
32.16428819248568,41.8281606857877,30.991897767643557,5.6066653963121125,1209.2483409848794,928.0747794284098,1
52.413555344898,75.56972022893011,20.27043858681198,2.5671548724493083,1685.447868615377,1919.5476821513757,0
78.30690972097881,52.9953183625506,29.120570705993597,1.5052478506679372,1647.9540901125768,8407.964601478909,0
59.42395476680386,66.66252364312794,24.875677292877807,2.0810573152698595,1478.4815434094917,4044.9910137960724,0
83.1038456656478,56.38251703029595,30.707409605050835,2.3430581337964944,898.4097845178618,4665.828716666926,0
50.27426935358805,71.95352085301505,24.710471915139347,3.5628861851620925,1459.7838640317423,7470.8193421434735,1
37.91802710231502,53.45568014455422,18.953325446771917,4.180426025575952,1284.3590929844772,1959.78690856891,1
74.58274984089853,29.31171193191503,21.492092662252876,1.6945526640409496,1786.1197005216945,2619.492270761551,0
51.23825086450938,54.787713244515615,26.11239643842829,2.7224858065041126,1377.0339879106634,1791.0889474444493,0
61.947239089268436,23.225538979312457,28.821283554943747,2.7040083504248478,1512.7198165837453,2829.7544104028552,0
69.74640198628339,48.43826036339551,22.59347506568638,2.407984367769224,1219.2350155055256,9723.4432128882,0
53.653261479850215,48.572894689474005,31.630744378679708,2.008470410607681,1404.5985279221798,989.752838988561,0
67.68736474245736,50.086569951059595,33.69174027003249,1.9008931138907847,1545.5677255045905,3440.7101202419535,0
84.62846426837622,57.84057488381326,28.51277003811228,2.475352931889456,1196.261074910586,9689.60813908813,0
88.06522520441635,39.510740494676725,34.51581767185529,2.7926779809650775,1168.6516931516553,7621.89244893227,0
77.72676351816888,55.68443513196331,21.94825981397714,2.616093053505305,1618.4560769422005,8110.002769949816,0
74.48686996331207,70.08853831935654,31.992226235176155,3.2134723718634457,1431.886555227096,1776.205797328112,0
75.59714420668516,51.20393561399632,23.370315754436827,2.1699350712449115,1275.0861793402264,1323.2928838162336,0
78.83542620541101,64.81817781750092,17.331113244216915,2.4150760791210932,1493.143804201171,3031.100841220877,0
37.04206443646377,79.21257209563512,23.287133443419375,4.635810202339476,1436.1304939131505,7150.6074657377185,1
85.85149500108231,72.29397290421754,24.09265303796636,2.3940442166642844,1173.838413657416,6928.5178797972985,0
80.62411357397296,33.544072670734195,17.055101313974873,2.7022334908706025,1409.002008595577,3728.5452766516573,0
60.31528724256172,49.086570479682244,24.702441539339116,2.4806152914394093,1654.4663869101119,6171.61615444,0
75.94559307432438,39.53342411820799,20.223159175426638,2.828826504246466,1328.4614488350696,4104.945838508456,0
87.61858804336595,38.49419399657016,22.06686874324731,2.24716744343464,1863.177965903985,1736.9914380075138,0
74.13339788472072,80.28482644551389,27.933605007634522,1.4846700317935118,1417.1413698681997,5022.541146382683,0
74.5807940931481,62.52572113051109,14.407105399794302,3.2754048269591265,1489.7086447701995,3789.250060609356,0
65.41961444724684,45.94335032797966,11.853306708914037,2.5326694145699413,1814.0093404085542,6901.169588641282,0
53.4703754127884,44.11473105804683,21.17647852936492,2.8373453866977525,1609.9625145175853,640.1246089388839,0
83.36579033315746,27.199563156934097,23.278622528332996,2.3102912608921145,1752.786063820465,5576.143452221817,0
75.86220609989338,68.08758333248302,29.71211713482359,2.884395001751268,1443.0930302274442,4113.491562028406,0
74.25230146128823,57.84950338050633,26.35638875983959,2.7534424068644587,1538.0655660756368,6376.629484928059,0
70.33955459749653,52.66867406421304,25.265633681126324,2.1820348255488513,1504.0877298020723,1596.2996621729258,0
64.54180878771493,45.481021195113016,22.30467823400165,2.3334026738201437,1421.5211957291112,852.4080485200657,0
77.96310366925104,50.605577951250176,23.084526160124696,2.65760396887543,1501.3218950158655,1965.6830753213949,0
39.30322997302691,39.91414116449924,20.475776233480435,5.301783063116995,1464.412350338777,9668.844435123472,1
72.54027861326317,47.28743157346141,24.92467499155522,2.835480974259393,1514.953948686001,5362.154147463626,0
68.94482407209883,49.03008250003114,15.93316699842119,2.1022237047822574,1673.6788275761573,5431.616682038325,0
57.10953877448655,48.060657425859056,19.40012203103202,2.4222471368661993,1438.6428716515566,8735.465269323911,0
81.25777364992915,59.473928721631026,21.07155508118103,2.911881842377471,1595.8504479524186,9813.347903133457,0
58.869598126490104,58.61342937605514,25.709865153550638,2.813183694879364,1555.6552400033497,9196.081940084296,0
70.59130608952323,65.6100766546838,28.377915120163447,1.0071981701004131,1904.6693804580423,6790.205683748194,0
59.1850732883254,25.582627247485384,25.741264420077272,2.3977160844115124,1711.8697169769707,3703.520073077308,0
79.46891728054146,49.95760816737009,25.236963074649253,1.806988767190015,1253.3388570969319,5098.11234888821,0
48.10154689972498,56.53811123358749,23.229297838322534,2.542587808040529,1123.1653507451765,2720.9996093067575,0
63.711458574794555,59.70537727824328,23.82661993854088,3.3319697650858586,1412.923943965797,3050.694194437693,0
57.69932049432995,52.99190881265377,26.6916154755991,1.363916385713263,1610.6220635949733,6734.92463600059,0
79.19928310107842,59.03413227396836,24.240499165387437,2.791221538888897,1673.7741168973612,4256.1679875659265,0
47.68339019345693,45.06515005791009,22.94893893330606,5.5792938094480515,1618.3657314219115,5051.215085377932,1
85.80177876409672,58.06192724298492,26.561158061799773,3.64031073159779,1654.3105843719509,7124.789491102942,0
74.03680570648382,50.4837940812394,28.69842348253417,1.371863192512826,1442.0475087501768,365.4466759346918,0
70.24294431052301,67.85929948016386,23.22372636303376,2.0016290324840478,1196.012337272963,1178.6783153847648,0
61.61740724792439,67.56450035075028,17.345651186383595,1.8519287026954132,1442.853482534623,5841.36495944441,0
73.3256297854066,64.15245363941219,19.914369311981666,2.9764065001126503,1309.798445122399,7446.125564571225,0
72.28891563452767,33.357952780460856,19.083135444087286,2.0303106214922737,1249.5216605058029,9641.931266989403,0
98.17323137004752,46.82732061175424,22.460807599670005,2.3757213159442245,1659.647867937827,6584.018771994499,0
60.00131157452853,28.608534121834957,28.66035601777551,2.9243564699512294,1133.4523770110818,8069.849004556424,0
36.79638920185382,77.60450521162167,20.252546900734544,5.2032503553354745,1494.2318849834414,4121.14589421207,1
43.189259363111944,66.51212633046121,16.774768843176705,5.054330836650002,1144.8219622656386,9598.19800920908,1
68.1567765854096,56.46010690323786,20.870436421374464,1.5941909080756451,1173.2917281130012,3595.3885577891733,0
70.26013099718581,30.670109776589563,29.711434295760085,1.685502649707832,1653.5053016059142,6770.095572292043,0
72.37318692336517,39.42346163966026,33.046870926673805,2.2712002805520357,1400.0530359577995,3465.826538194427,0
71.79249217512523,35.77641542204164,27.967638447137873,2.6818775447626018,1511.1959861572136,8566.27781877244,0
61.030464891822575,60.693453321079815,32.63564560938901,1.9849195161146433,1292.4822454039916,480.2998124947268,0
30.75196759502537,62.7373076519655,20.343996194546996,5.416398510689938,1511.9833782075018,6642.84768041968,1
39.43221002203303,53.346816171743036,17.488712324248343,2.323409541087913,1623.2655276200392,1659.864380249129,0
45.309030647474856,70.37722488090527,28.95247151065051,5.219155636789918,1450.604442315341,6542.539803136511,1
54.50750786869635,61.998667552394124,24.17024164343717,3.339376879603445,1411.3554573465674,3642.410638732922,1
61.0516168589158,58.34770294716697,17.748239866404866,3.0225468363853754,1635.563156130042,3864.2650539713977,0
90.57705922542813,45.87509204921869,21.772129131659113,2.7720160558629643,1408.3175907666919,5046.521710779687,0
73.53657045908568,57.484197661373486,24.038633293610676,3.349179970752654,1407.1198229648064,9320.455720179853,0
66.68832909753051,29.806855737553295,27.012473400586376,2.3295694918877183,1173.5039824913015,8225.898751190078,0
67.93112323975657,84.79397128892793,41.565701957877536,2.4923373194198137,1430.1241428192218,4659.649414856469,0
79.57944313582163,61.89684796632632,21.098476566399718,2.9555580393440515,1490.450047861787,5839.4348640790995,0
48.49170768231503,39.2231779399666,25.89472901539912,5.970851887780748,1285.5350022853102,4601.409002932623,1
46.30900354446395,60.43469933932365,28.500120420395934,1.1909657335513906,1485.8600650433223,2131.0458721908562,0
84.23128944143046,79.68407099129433,27.795323310706195,2.69442606760119,937.1089875430094,9665.57330657835,0
69.3488133781193,33.268260326588916,32.18039707197178,2.4853301883656536,1509.091427510179,8413.27625657726,0
73.89346927445442,55.40955617033227,34.19201203788212,3.0306737152534664,1519.9754056075915,1865.3804224895846,0
82.99699898869987,42.90719281350993,26.1514843646177,2.6278302879393203,1439.5362764558338,5352.190569853423,0
79.05462865422801,50.78707709220347,23.594916243628877,1.8870564854346807,1174.5064750603487,5024.846832122066,0
68.7853113191844,27.738693645614138,28.466983960461963,2.5049127989946074,1410.5164859064723,4799.106537526329,0
84.377624645001,36.51601908657558,28.53470685613416,2.979273655975698,1790.6794829665002,3971.1286972327453,0
82.0418155669263,23.435229648161805,30.080873240983873,2.961034133224394,1391.6997366073085,3355.85970196848,0
64.33826165806425,47.440223026046475,27.93176844286537,2.1521898845232377,1769.7605738137386,1086.9168189966613,0
65.8420308081246,23.89073993324842,28.15952186661434,2.134918520122032,1310.389708814751,7023.788626997968,0
54.27256225829159,39.73728724391093,12.126294515072725,3.0628097593414485,1224.4961664259167,787.3243537620293,1
67.44192411421328,39.222417756317384,27.197073955888296,4.0198564261146075,1170.3300201165869,7186.068287513982,0
49.89055352861486,70.61056495154261,20.987720709714225,4.151740994049998,1382.9554310976425,4310.061784366388,1
59.292368768963826,47.53973584590193,19.514298693413853,2.800030761788672,1494.5963109348827,9696.74029970259,0
85.24804349443944,40.362448541329826,25.465257831707827,3.100300670449924,1238.5042449933594,3753.4869379495576,0
97.12362051154675,56.13013483519276,29.801643195970627,2.5215514606421614,1165.327896927098,9662.884591189093,0
73.87047606928333,31.747220370231275,23.538428494345432,2.6304876452747656,1741.1179629601506,104.67558945494821,0
75.20028716395758,58.05923042159213,21.417998497251908,3.2809915045265865,1133.4864328627646,2684.9498261803087,0
58.70040974222813,37.48419568532866,26.280872118014177,1.727452946420588,1298.7173948871039,8534.684478749885,0
71.09121440960661,46.86382341052829,28.123896982045125,2.1583822211131958,1321.5345123103555,1647.8314950833842,0
67.86309137076502,79.39055612193077,26.844794163475395,1.618476569060578,1382.33712628253,3132.682101983781,0
37.319404105760476,90.06773210591325,32.3938171976322,4.482557889898848,1541.8375615531133,3230.002535643484,1
84.54338733760072,77.85466366897272,21.0847730826062,3.249157443161924,1533.0188020044939,2017.4377268918581,0
98.74458171054908,71.71616803757999,29.708023536892895,2.1850210219337853,1720.8462824844576,3093.4686304328397,0
68.1408290154974,40.44784681865481,19.72458140134296,2.840395223971377,1774.570493960984,6412.0100642378575,0
63.86217701757563,48.93621949969405,24.94825678546472,2.530564727256803,1301.4416646466098,733.1920736229079,0
65.39210637610103,32.03797313450829,10.301530098573519,2.306588194668976,1452.6082694704514,6832.76389659211,0
75.21509593990399,34.510843760744336,26.559857046875948,2.3560254431536487,1472.4019817088222,9339.969209096049,0
69.83035990555763,34.83398860128581,21.781918345878722,2.7553704494292637,1687.6073326660007,9144.540031179145,0
73.59350729281974,33.76106401745925,29.08680546189724,2.136573825946963,1318.4806125033838,4071.130593672724,0
79.82249213996661,43.09057033317175,22.385081923086986,2.398792418610237,1712.555850164373,9502.58928496731,0
73.31804223018565,48.87299849839837,26.47726744904202,2.6590315246533422,1599.2772814795412,2181.855522562777,0
78.99524316883472,28.287101497185663,20.76168976997621,1.4899426565215057,1372.8665849226486,5815.078649481508,0
80.50367848338125,63.90709412579797,27.46904314153765,2.2275026310541453,1565.3091248277458,6279.351067099954,0
67.22560882829008,32.16527006821728,25.950277831215136,1.4794723005033636,1500.6588246432589,2236.2160162154314,0
64.36647362612658,44.65178260464512,25.31003855133408,2.4395258054846,1425.0741238142562,5998.569145264407,0
83.9575991347975,69.79417709835926,25.77237020122681,2.2452701461779982,1543.6075185827765,7437.855480931405,0
82.63088593837844,69.71807033570767,18.64826205645485,2.256912124984878,1228.3630727666953,2457.489866764784,0
83.1616424970914,53.14771230888602,29.316686779224995,3.293642758340148,1812.0367216857098,8336.218901920924,0
71.73824506961385,42.42533879340662,26.289943865727466,2.620605951182453,1695.8278808426512,822.8539700629353,0
65.1717654363824,42.443323082063344,24.864739490741965,2.5414948756417304,1631.0551081046005,8779.407348509314,0
79.5935496212767,57.315932849692565,21.739393411134817,2.435782906636678,1449.0060379818335,6412.482845512254,0
75.05741239827113,50.015012448717286,19.969605117601766,2.9489578345250567,1646.6641687503693,811.7519857073563,0
64.2470387332458,40.48676304709398,18.095966188053577,2.43256888522479,1615.5167329299215,5104.486538354024,0
57.71307017050287,59.563192024552784,22.13924543649836,2.91817081879889,1394.6925125414677,3076.816027350773,0
83.49792869118534,51.18756179592739,19.161551062121124,2.586366218578879,1738.7692718529777,2902.7318575164445,0
58.11324955873424,47.15336670390135,27.801896856004845,3.18689966777931,1432.8522430081814,3833.221092824785,1
64.63510883134437,53.68543744865125,23.552708410558424,3.148565892144636,1183.73036710682,8937.122434298017,0
73.05295743637552,45.759348276170506,16.956265557237558,2.3873359117972255,1919.5509858930382,4552.512527308425,0
57.5075787837943,26.630099954567864,27.758944482350586,2.317751124151327,1316.5440700274557,308.33153064348596,0
59.99650500506635,73.64264764685325,23.03969197234457,2.378968912443949,1476.4836315829682,2918.083721613108,0
62.12670262792527,39.9052951753002,22.62565006777284,2.5517051937349775,1826.5933565408495,8954.002081151275,0
42.3018461888075,70.09781227758117,22.700428212601384,5.4826546296599545,1580.798893045376,2779.530386110109,1
54.56457928683765,46.609443460814866,23.195644617122586,3.1541837241920128,1351.7625604423868,648.8803024983483,1
75.60787412257208,61.957114157320575,31.740141656973766,1.8126439648748378,1615.986384302954,3800.3410312680826,0
74.6212454984509,43.557055925024564,20.55465001595706,2.312809344179053,1161.3614212601522,9862.873020207579,0
83.43680573951961,38.95503270910904,28.413180063560365,2.530714434388451,1353.32232639129,1871.3901435105936,0
68.73091900335915,77.7374244334986,22.630516032527296,2.5209875931479324,1511.1751389560363,9420.696675986692,0
47.4130762109766,26.00638987204659,27.519444177887436,4.242767675381117,1172.456587900913,8390.904954761121,1
67.93005295068677,47.385825495709334,24.13452190869954,2.40203146638558,1424.8482643845812,5804.837815925577,0
56.61717914262116,36.57941876182238,20.880274819573465,3.544259235904235,1313.086489426697,231.55176003765263,1
90.13046837143065,51.952573068774456,23.31863943414016,2.9082047510453455,1205.2374760439425,8952.609555290037,0
58.91251007877491,30.08250798297834,20.777166335789367,2.4218887266266695,1719.0025810589011,1314.5093759516633,0
63.77875129173343,45.21268467855939,32.542743002906576,2.0010841582685015,1168.4787603269585,5255.10965499739,0
56.30822126481955,58.27265354459815,22.595199430329885,2.290711437060417,1469.785219619054,3835.2140965767558,0
66.03490929642332,40.41509450369344,29.09449459320708,3.63529983878985,1595.748309629497,2317.3478390247556,0
83.79617118777142,34.7883412526377,23.626799010438656,2.0483927559022543,1591.3435062593119,7853.402003809311,0
67.62737283739709,64.4611732318757,23.56391784387864,2.137930419315045,1667.711544637988,2566.8172646643543,0
72.83904043431964,68.65598652366583,18.86150958189166,2.602511529170216,1182.476242615166,2756.1022059292645,0
77.60324437419067,43.99714115730212,17.11285679599509,2.2760364722230513,1454.209246491232,4623.133887467175,0
58.795217963319516,63.84302771081575,27.35182567138649,2.4582084398828674,1669.035325655163,2798.6364714330057,0
65.83855437970232,73.45126291236993,27.669495670167862,1.826455206048738,1511.8564221322397,6519.361369407817,0
70.66408469700153,50.27388467453461,18.70456131125593,2.7615998492801435,1774.3479753753463,7800.0183709796065,0
66.33228824563459,41.19017498348609,25.04589511118963,2.201027828216575,1563.7199828706696,6317.933952907027,0
61.913291947955095,46.53403358005836,24.455582129019557,2.2943790960528414,1729.637511000418,3848.3783021549307,0
64.60842828219862,15.170220174926285,32.964840095749615,2.5287848424770596,1771.6240066068854,380.70251371394187,0
56.673711757413315,51.277611287940154,35.17994045544566,2.9155147059685502,1349.0853806800133,4757.601109820636,0
72.49547378089864,30.57921142778798,24.66398115788849,2.994552796057734,1556.0701777675201,1215.5654916790081,0
49.575168051305,51.28980535768077,16.901739754257626,5.825810669831935,1587.6135671183201,1743.7286561923158,1
48.421712305076,52.32254317393382,19.10890397989242,5.639533343107776,1296.7701841062199,8150.579449062684,1
60.00786210577467,38.58830502019386,24.91803155362529,2.260023125800528,1214.6379818880114,6396.31900998522,0
74.44092724275993,50.66632152181219,27.07010453091134,2.393606392396695,1195.3503548268136,9243.902212267001,0
47.181299193986845,17.80901286682836,20.06260080699756,4.638159231432971,1443.106195958428,8379.841688038205,1
72.13821763219003,69.88001367978146,16.62949549591135,2.4430486588805547,1275.2529984194719,3211.998574234292,0
67.0496616178292,47.76531516257531,27.76454824257455,2.9852312375369072,1661.0307351791946,4637.519049234448,0
84.50311822939263,15.081415810013503,32.23470035113964,2.3663457745016414,1256.1551715145147,2728.551907468074,0
53.81580233229434,51.31494676611266,24.519840644678045,2.173151463585665,1372.2372645372225,2065.2357528845737,0
66.54821960680509,64.75243977409872,19.68925961278953,2.1528376383561643,1720.9484430911643,7893.502479414572,0
71.04085054620927,44.44005778961272,18.787161149805016,3.152867367774217,1552.1684848890568,5591.361654146377,0
71.04116783381166,59.65847277064602,37.61342977146923,3.3769312248591854,1218.634744780096,2393.354868397781,0
70.00072273613796,60.99502986856384,17.405110016942515,2.9282473792743557,1775.30196273836,4862.699034137234,0
70.00729242270683,18.315662489377196,16.69290302490015,2.5219618391337884,1597.8291421129484,2416.51562938803,0
77.2521440710618,61.841570540914645,18.88047227500025,2.3801289910506993,1570.4465276269234,3082.6859145573726,0
58.34102784557561,33.10894928635597,27.877488540094966,1.895574318372246,1821.7556589369494,4270.274411538188,0
78.20548857499868,38.755957398540815,24.09063513427862,2.8553063277574755,1400.9755358257755,2823.8148710109117,0
67.42152015084596,49.12081486052189,28.49396039938638,1.5056735631322071,1541.4180806870904,6218.745396526565,0
61.49121107289622,60.7600834503002,34.07162370431717,2.809278617174403,1425.697321455054,6631.738609834204,0
78.76102307291404,25.443133652098524,38.12331456097054,2.6420307501706533,1596.0127312722495,3506.899175180864,0
68.07891552941612,41.745799591397585,22.10499583432116,2.5402042477221567,1870.5644662060513,2680.6369470142513,0
73.40961775767676,50.30355621729122,21.26707511508053,2.530443411737277,1713.657382597455,5634.17789450105,0
80.46558500677149,59.39033207322109,27.013947897083646,2.802865520625135,1462.6332980515774,9846.611373628884,0
78.8398684319917,51.74889475133941,22.670242887772474,2.5110361333420994,1440.2948321457648,5800.889472592225,0
59.34894874841613,59.3817784044503,22.467985001965708,2.1442871225189997,1452.9846868232805,5811.899671774446,0
72.38060206062806,34.43448155014677,30.545631686689127,2.0354797074941335,1296.4027990106144,8922.520349648237,0
67.52933321637273,52.98644480204726,32.25382579418806,2.393983474312601,1549.503017066069,8750.772602055582,0
74.98030367402609,35.97542348778579,22.005738767720946,1.8527524172938312,1290.9137923653593,9356.648904819578,0
62.91077624175631,63.71359018830775,12.784859869440556,2.8793356576008398,1751.8267822516812,4585.049207668612,0
64.8766495766198,40.96426792672216,21.40982647210944,2.7632426489292525,1845.2013474514815,6022.160830502141,0
67.62964290916238,35.65338280372286,24.861150511703006,2.9646782832405245,1553.4143355290973,2235.8295701966076,0
75.064252801875,34.93091050952614,17.537991944699897,2.449993988716913,1242.6941207083594,4402.472351368895,0
72.23595686618242,42.862175866686336,30.184998843645953,2.3084774382368245,1668.0977520971421,5353.879570997889,0
31.1991308065237,69.37132819276013,19.49868882318325,5.207144786641428,1726.759571221844,3596.243546661982,1
76.01512485427017,57.21596687942198,26.85877221614034,2.893913046795511,1517.119950964087,3805.6665815435877,0
68.72807620250637,40.74936167364072,26.85221759950115,2.4916981722958047,1573.943266579579,4034.371072364882,0
73.57493250264072,33.52528441463077,26.209758540068915,2.713161011491403,1495.2011583356016,2757.186856921587,0
87.92732519524469,39.40774773877621,21.92707451205878,2.7187904287001623,1450.7601861805967,505.8975778589777,0
92.88365447592722,39.63862265021477,22.142792608886026,2.389434037691993,1130.1451831917148,897.4187316806676,0
84.7857378192082,35.6543289656563,16.815070556016295,1.8682315082120877,1311.0322393883605,6366.919515488467,0
91.64354957137738,35.46804752572389,20.57366901563011,2.815144973697486,1767.9882029741657,8531.305935740944,0
57.71181568328525,44.23962685722473,33.59605892002298,2.0804664245710494,1645.213303264344,6377.829700022968,0
61.607091212800654,54.88060569759202,20.060214784606192,1.9647827355091754,1738.1852162306463,6218.183779060504,0
60.19214594034463,47.21871268354261,29.158719472172308,2.238042819957398,1758.90717457517,8724.605470312355,0
55.87636187918155,79.72856138124952,25.495420185861562,2.7077822678501606,1648.4883995626635,1619.5070135341205,0
63.74581527130666,55.052417090850746,34.79455152956473,3.013485557039123,1255.7437695808885,1258.0644319722705,0
70.68921470676047,77.7339423351766,30.858817932580635,2.7636381109291275,1406.8115329903294,7031.2449179936775,0
69.04338618084029,39.93810018858335,22.840284390544454,2.346254472659467,1331.5116807219454,9718.236112332568,0
49.64957288513657,63.512742806058,26.36685894053759,5.0138043382875885,1450.8265761050543,6937.082851661573,1
73.04197278393795,53.83012960703673,26.319538009287047,2.3976546754343606,1351.1978287902234,9680.12361576984,0
75.1965209755977,52.827921750815456,23.666632420211055,1.5887849143362787,1375.224543955295,8409.427583152165,0
82.65100107090643,30.991188892020446,18.8021840083259,3.10738775916398,1356.7979897479731,2906.2351959136286,0
72.8582472656069,51.23360419902246,21.413239236933148,2.613620834838493,1264.784239491792,8776.76959961646,0
83.07263448553655,81.92721932360287,24.011354276805285,2.9579942438808913,1391.1599419073348,2562.3500923298943,0
68.95779272311259,66.6886232240222,27.932130686448783,2.319408371545967,1539.1698655728615,8049.034339076708,0
85.53470750262514,49.40140596003934,19.53745755454566,2.4486879561855543,1443.0092934646398,8876.653376257742,0
75.76036184669545,34.671408685552585,22.74254199635818,1.5320699610408615,1607.1945771243368,2683.255952570839,0
92.3668062125351,75.17355478225011,27.74914257441737,2.7438024288468945,1653.9850341864292,9084.183169677797,0
63.00511834152915,63.47588761431258,34.44762417723671,2.3188093441184963,1295.200087399009,1439.1452743516988,0
66.0063104072949,23.361779574510017,22.469833415944624,2.4291234083070488,1373.204509076182,7494.285802811826,0
67.61603193232503,54.82636979889542,32.11772453114437,2.317150897201265,1380.5082008630966,2609.2003873789176,0
70.67920059194978,26.14417964622992,29.183348803297587,3.1538262175989047,1540.046783503601,4531.777313660953,0
77.78263893463668,46.958543591299545,17.716102312619245,1.9031264168728685,1762.1291668711574,8584.251139643295,0
71.10473987977318,53.39611092827847,21.325624920568995,2.5226873132319874,1845.6222025284592,4433.517120047843,0
41.506016172669796,57.875417106334794,26.702702438987558,5.7878560465914575,1500.8799692490322,8638.472047666228,1
80.24725303953205,49.61567823743583,16.619059512364604,2.6413045752724393,1329.3239332273392,6955.021655689059,0
71.8282885015981,56.39882325795297,26.403578580493342,3.7491130961572363,1504.7765194775004,2038.8520272950489,0
71.2047480653844,32.05591250340814,30.299637104005328,3.1019319328357864,1180.1528278932878,3371.911211489313,0
53.74267926199633,53.288915280272185,23.84772898381644,2.4508401310867125,1716.3352944538717,1161.2024690772328,0
90.48033910413872,51.479674778138104,31.750515406800417,1.7265759180348135,2053.8550601679726,3707.5220572860176,0
69.2212095367524,66.53441718604535,31.238896113463586,2.7518543051835227,1441.2472901970825,9340.9439278774,0
64.58258566409138,50.29422841621561,30.88160727039696,2.1188977874083643,1174.3042244677292,362.43246104845514,0
61.130824600354515,46.93174840706766,19.664068742881014,2.2409328303050353,1776.9419067095514,7501.237237728506,0
69.72620793093613,47.25403550029915,30.06570690515123,3.276870966265866,1304.337209336274,2043.241310305306,0
89.74739860289597,23.49424295450107,13.414412867653443,2.1435336592755374,1662.6438818060174,9158.452453950169,0
76.92203836803812,49.705013460773856,17.918410794849798,1.6257815912810463,1498.8559958597425,3210.709325989054,0
56.97086293532827,55.08918203503961,26.7989024891803,3.0085592750034587,1550.2600786923035,8839.29176546394,1
59.0608940896309,51.64039424253768,33.99885307826776,2.4047388951749227,1648.9515453140993,5307.5515421475375,0
83.97812713053891,56.68571956434015,34.913737800234294,1.7366870045274603,1390.7079105310647,8702.40520380763,0
65.5251414374564,38.27265794009469,19.861640605017183,2.377149374170109,1280.7145411191634,1854.9951556676983,0
77.50339770756221,57.14339330929062,17.313797561328492,2.4173044115077627,1139.624539804926,812.3455279563361,0
59.00000717732611,46.80470928915816,23.912282242002952,2.0965433808369145,1386.4929201532154,6358.479639262968,0
59.55641575100023,54.400317372374346,21.744885255330733,1.6495129537283273,1622.5120634301236,9131.702010615094,0
61.58577750298298,79.79282321126215,23.469228972919314,2.0581004978934865,1548.1003131164985,123.06305032749549,0
63.55714007421133,35.55538993424651,34.6306043508884,2.553116415886361,1415.2218672848114,480.79188467843596,0
64.49441739922844,73.04969686665103,28.212397728917782,2.1452663759639026,1133.574127044002,2813.1776503070205,0
61.88978166546209,62.360949448601886,35.18153530234268,1.541938327640079,1032.5781829796679,172.87727571304032,0
65.30960223622274,41.770717896117645,18.51208270963288,1.531317351601956,1615.1870110078028,9251.804832501242,0
58.998231295082114,38.570117912148575,34.43247958536183,2.541938355241876,1528.4010606555712,8164.972797901118,0
78.4386301823671,40.807773992567874,21.715987227704556,2.521330249390942,1567.9049284922708,5994.348416072277,0
52.92598843436454,53.805905803764276,23.153920736106137,2.2771210765283327,1438.485143392854,7603.345645939857,0
77.78168554126061,61.68441705018238,26.535516085110103,2.733529666592173,1773.0458752745153,9404.637888823216,0
69.18703295257615,39.56481081024425,21.789276019983387,2.856348017003128,1751.054730559452,8861.559981975202,0
75.14402509365536,64.11543977498066,27.117689253950612,2.4304099983598997,1364.5938110594745,8507.89933142287,0
64.93935314987186,32.09577008294545,22.286739927627885,2.514338069038577,1016.3031145546013,2823.5842364446685,0
55.462715333324795,73.80126900225989,24.49748470369369,2.549466907927105,1378.5357297334683,6438.324844478651,0
81.58387316289313,33.769760698875444,22.287667910119506,3.0868662742571864,1679.9742410465901,7135.893536172712,0
78.5189528266041,39.66156497341679,28.543373674447356,2.5222872856087917,1394.2778601422158,1518.6342286476151,0
82.56327706248327,34.54684123257182,30.877175718691525,2.0525253698596377,1512.6240166289824,3322.6371968481853,0
41.30139656853599,49.73919137920647,23.675027444204808,5.269434510352137,1727.3853441167744,8220.574520739103,1
64.33531890442929,36.44044825230391,29.497210101796114,1.983387384904411,1520.389935956657,1307.434991363046,0
67.85334802428754,31.34035681685179,23.23138860397001,2.61830644692593,1476.626894286488,8138.607889373303,0
74.8089132080248,57.50807752834126,26.516901159540218,2.3856689885133564,1605.9066147195072,6072.5608160356205,0
50.59306711196505,63.729998945961924,19.585535882243207,3.255073817464546,1633.8300426199667,1221.2445717459168,1
47.17241350913288,43.37023460406888,25.00302088336935,2.793745713221054,1174.5362279616893,801.8194157146412,0
53.204567454625106,42.78005809547335,30.84118591268305,2.499156173514077,1578.8012378226138,1061.884233382521,0
76.96512593208865,33.61682728691559,29.520329472492257,2.6015595898968087,1664.4567871317138,9207.93374664642,0
77.73304824959331,44.930286271937945,28.333808983333512,2.7277717003545896,1680.5420677232682,1227.9378396210375,0
65.6155524496719,34.04041915756699,28.77212241955121,1.737171770737949,1817.6969193577195,6035.0823457544375,0
78.83639608190117,34.462060805304844,25.626769555067177,1.9705137400356176,925.2967997299304,8979.450164292435,0
55.695565152799674,60.026213934576234,29.845554856264528,2.340447143187262,1491.059725836303,8928.242758243454,0
65.993747704449,44.40802479356062,19.342647947666816,2.2414557647434563,1505.365388230284,6993.988364675034,0
63.28252329257924,59.061263953956775,27.49751979597335,2.0452005698264255,1624.9985157628041,1136.5576715929847,0
66.13294301438897,41.946487156134644,14.996233475032469,2.5621844986622593,1750.7778294938166,7398.86844213112,0
65.94141865402847,70.15478554562259,19.49227683948981,3.076146717398423,1641.6977914992308,2562.272086960008,0
59.748419678279475,35.855859403219554,21.333270990413418,1.4468574775926453,1212.3204734104613,5701.669526151776,0
68.61071579228346,52.788145480891515,22.51719050776007,3.044206802696399,1477.424296095826,7890.77899090215,0
67.76291002318099,37.92110235483362,22.339213848914202,3.453231018025525,1379.7911396132629,4677.599747183617,0
87.73007475848237,57.80756268475726,16.24951244030109,2.70663290184373,1470.6732779585993,7630.3827677946765,0
70.68193638584363,67.35900813677,18.530222602925253,3.018641913834909,1471.68209423012,3309.710228080396,0
66.95079765029546,71.87022034649047,25.339188533872047,2.809502077937988,1265.8460408855015,2193.5639993192767,0
79.64688124450034,46.43222740272397,20.95812194861152,3.33344767323672,1394.6474918640743,5362.133884255543,0
58.32940482328145,63.68933784362801,22.315951055248387,3.0369953394470373,1541.5178485801428,7704.730913998833,1
48.65229261433001,41.78215762748917,20.505809785649895,5.224045539071462,1357.8114451104761,8912.313819616887,1
81.78178890367874,51.43115839621504,31.121918744514197,2.012569463347756,1361.4425851216993,2172.0722523636996,0
80.95817001700348,22.43666034407971,20.15333659495937,3.060320132784927,1643.824021759601,2480.2951999705706,0
59.78633459684605,22.94158508249354,21.893189964037056,1.9813846257911467,1570.4921518364793,2626.0360994092957,0
44.61817835926142,32.32050830983835,26.362529578945363,4.108173329634277,1386.1847311711686,9823.770998757876,1
71.99217618467776,35.794751003920176,18.04282590775097,2.047327266927374,1553.613642726317,542.6045382512474,0
66.01664959248929,47.2455437114826,24.423325911447016,2.6026378066102405,1215.388957334686,2967.857890765838,0
68.61515618039817,61.087028699290805,29.327142450170584,1.9284878817431703,1642.853942275161,5648.692567184551,0
73.47732139784776,61.209425548538555,32.37042405262473,2.7579985008976227,1841.406490334078,8351.170017345286,0
69.79666198421859,39.481333817207634,18.17570378228941,2.7151073190421124,1805.2195103785957,9318.231404462247,0
62.51237269943478,47.98170055706307,29.60823500323906,1.4297783296020405,1363.0310393380723,434.7199380768023,0
31.867220206793647,30.236024885837118,29.460275032825884,5.12952581880603,1460.304389059534,7350.252578293709,1
62.45296648178824,62.152476241039494,29.01615023655996,2.2001480219231766,1504.49920709747,2619.710531744013,0
86.97546658546241,40.40159333971435,23.057786706621474,2.668946652242152,1408.7293225160554,1951.2328386519125,0
44.378938866121246,42.11185093947287,21.65429383202185,4.928743038146443,1855.364862763841,1516.0226317597937,1
42.24558588146807,45.58850483194382,30.963052121670707,4.340414812016223,1196.8315946428843,3509.8632247517985,1
96.1942267994448,50.02251767634977,26.29405190173109,3.0738849799906496,1708.263498538353,1242.3111675669838,0
34.927572543471555,72.75893448182585,23.806370758912813,4.258844136837816,1479.0748389284743,530.1237401055258,1
75.99289457457837,36.94680754112245,24.621565553891763,3.3883283368695056,1143.1050198454634,5423.851186264817,0
88.16474288585798,31.44623864606808,29.048819896428025,1.7962415936896123,1729.594002967758,7157.444421099344,0
33.94244898047898,74.49812463607475,24.106911416454384,5.06226704425912,1615.8673228413313,4951.644884354129,1
47.86040675172137,42.50520684377022,23.00856925594754,3.7891254770966043,1291.1550734827006,3883.8156801187574,1
69.81582149938933,55.087510905780064,27.090967839097456,3.124694979834099,1306.2790672683104,4169.732240086076,0
68.63073625097505,51.012270023066584,25.668856827784897,2.674879268230675,1016.8459694454536,3281.016734935495,0
77.07446013737594,69.22087471674494,19.39522960605285,2.519881963024305,1353.6540175841924,7659.096147477909,0
40.808101500699124,50.64560054809993,23.545545815333263,5.331227971506567,1670.2072093396705,4099.266564510646,1
65.80452115247812,56.27387749692195,21.923137758189636,2.2063818226390457,1396.788390360076,6682.639304420804,0
72.70433186997512,65.98115068895787,30.220319823928406,2.229087419452303,1262.6413995848852,1067.943971819911,0
76.04168386311355,34.41156572879187,23.547844322987284,2.198039146477056,1300.225985496507,9229.182422285538,0
55.12661419079673,64.72936124490131,28.801147382195758,1.8854360837699597,1597.4916687853947,6352.515905245101,0
69.01690485481764,56.36821305939267,22.389600143857262,2.3040028133844213,1067.1687160668096,6260.823523400793,0
74.75194461562894,48.84038350365471,22.255963890843095,2.1720218317142312,1318.0131720852667,5485.654568128821,0
64.0070775477733,51.6389015837372,24.085695687108686,1.6340331005069517,1520.6762273827997,8587.065569981327,0
70.07584266427514,49.13075299635894,22.41037659363911,2.6415210575684194,1456.6995585346406,6151.796769801793,0
63.63708216177987,29.903891568507866,24.32599890653395,2.085416026584621,1236.4319537286517,7240.603402320217,0
61.014934666558695,43.441266579084456,32.65737138468149,1.4170154203911576,1500.2719211965973,2130.730034296703,0
75.14333055267653,45.92554433117649,28.58435519359936,3.4715596583889283,1507.5718767996998,8471.433399394075,0
53.066258854910586,24.063232742535597,32.652784041649156,2.431768328776584,1649.5346165509377,6298.873295596568,0
46.44637421304667,10.406820676632378,25.236088748006466,4.780784857655961,1713.1505817377536,6225.341878000913,1
64.93666028125924,40.59364540335252,28.02216164991173,1.8312820808636414,1513.7241734346258,2720.2224584191736,0
73.52553695951524,66.74135053376972,27.045822404716446,1.3275648978299677,1559.8586811605144,9317.377918607617,0
54.66897607283836,47.18101683447563,17.72889061124403,1.9068521339495943,1208.0246257264864,9203.381105757382,0
74.02244766313608,54.944350820724765,25.770141625716718,2.0647690846462785,1228.280339763894,4010.816937992705,0
51.36669765790672,43.63911018513867,29.50704236512435,3.040491313652139,1434.4985480547693,3262.7975838893663,1
68.94744696654122,63.41381561753517,28.96412442095111,2.15956822464161,1253.5555389796596,9579.853180187158,0
69.40088204231441,38.817328227744405,12.732089333725158,1.8571421031745223,1689.5729904639227,870.2577875892695,0
74.61336546557027,43.96581911097558,17.704176517105118,2.116600394446735,1088.8702637077506,6162.346308629529,0
65.34494026274234,53.05743464494099,29.07985755398258,1.9494795757030494,1845.2927987110015,7008.50117101167,0
75.34999306364908,46.20203916856857,24.199989926863687,3.117197620904145,1672.8497000450966,140.2565731642384,0
100.87759076346961,56.445486892905095,20.757098432014043,2.8917966244349764,1426.8712389040352,6159.2148163002985,0
43.35485018605211,40.417495274681954,15.6718212596419,4.687905819359321,1421.8332184612418,5739.670018305406,1
73.6173543653448,63.64636217883019,27.400917130953037,2.28193904902115,1735.5276748776025,7370.488088346683,0
74.09752866292627,23.154599621330185,28.628107783863946,2.608750606253815,1433.4580385474246,1700.7349896151186,0
69.87182545607334,73.4917411303347,23.826271884552046,3.526801262293324,1209.2524917369628,2103.9645551381827,0
76.04545045858154,27.84389665004186,27.86538402327245,2.7414533712851945,2003.096365369269,2101.113788554938,0
68.03124635172931,58.78798259947788,27.09621517674228,2.8647217574719765,1484.221409682537,9295.272775744283,0
48.800818071512666,34.836167231142184,20.787345541598434,5.2226053750457995,1577.1781444113997,8225.300154753299,1
40.49509649071599,32.39812486673991,24.588855910162533,4.56466609510647,1163.4638532163942,1185.084432970798,1
57.16598135703595,33.23201570506818,26.054095543180168,2.305439028238793,1509.6329480920845,9799.230209885294,0
88.25925047468259,25.97300515898063,24.900284516157708,2.6317135000074465,1392.5403748152892,4046.762318017198,0
37.051111732256274,67.25638754680269,20.169850530701595,4.014243837621111,1383.1100499785302,662.5570855902298,1
68.21333890976956,56.734096648390455,26.819506471445628,1.6144388281084736,1277.9770959298762,4486.0809735022385,0
85.84995630369067,47.768020185981726,21.36446697160042,3.6273180826181806,1706.349298708517,9070.332915078274,0
65.82293205834813,51.92974040384514,19.469367646658377,3.1714413683078764,1476.243611250076,7413.107029477797,0
34.71946682189688,75.00240102798477,25.260220791578902,5.70465984238321,1260.1257832520755,637.2802790221472,1
67.76701125501026,67.88399433102772,18.971224651671303,2.5257367060696834,1479.0469379228796,3802.785922429543,0
78.9772744336551,70.91566869427804,29.6436693138371,2.7307664424205957,1667.1986977640381,7726.689723258518,0
57.14903736055883,38.61977576032189,30.05323006508457,2.2716459434737395,1496.5166589016242,4319.569471553266,0
33.27009731418346,28.37170381596255,29.503391762863842,4.467972281232924,1391.4840967151179,151.47785467093573,1
65.12860179151517,72.5077678440507,21.893157093397488,2.2227542732439125,1593.9328672919794,6207.0372888236925,0
69.25831974750166,66.61274166867574,15.73294255402969,1.505891586167641,1397.4978588415797,4656.630918279828,0
69.42918469395626,79.83790456925607,25.793183646892043,1.9084851108229945,1409.0163689618912,8336.87870783898,0
75.12230576177896,27.901035652110274,33.8036031020347,2.4416436183944947,1591.998865089014,4479.649102339176,0
66.76461138005955,39.315853062674165,22.699572997374045,2.1715186127665285,1362.5603451019601,9658.728116745757,0
68.20305580887306,85.02587452178686,14.187249598315459,2.584791237867299,1521.1186454502856,8233.61746861089,0
33.6708408703125,51.21858690276814,27.3528712371531,5.596995872668053,1506.0645912800946,2781.6365621259465,1
75.79479463578656,25.74644999924633,28.439497279974667,3.225416116232991,1211.3607775059822,1239.0488718855863,0
75.26601642103444,63.61668133687424,23.96914896108485,3.0038391101090194,1554.5170817757216,3654.7801616058805,0
76.1265229507185,29.374460699295412,32.06473593738575,3.091982114868495,1610.7756040939666,3256.422001236361,0
64.47446745020952,51.97907732100162,24.562664536541362,2.2188270255051994,1641.3933640937962,1240.9232010773599,0
78.4855239252922,33.60935350532742,22.10330597157995,2.5667913467090324,1499.1914664943906,4220.398089295809,0
68.26015241957366,51.07443803000434,21.678755138104787,2.387166330794489,1389.748565204922,1853.4768302006275,0
66.91456179434522,44.595368105860494,26.615589274866387,2.375971557838119,1721.966374201924,3388.004401714928,0
61.467118457955834,77.63991719659768,24.24113261751865,2.8149231364046137,1214.5717731747382,9393.309311349873,0
70.67751366678877,45.446251762968146,28.17537616474378,2.635674412175143,1539.027977080867,2703.3304237984876,0
78.7070332007372,71.6377583284283,22.183185561079654,2.7490199527402877,1429.1535958126292,2775.8192843675847,0
75.69461040662466,44.81048588053694,25.626679491405234,2.2102991617831536,1791.63300287332,2275.0387780299443,0
66.28469823894221,31.632537680287946,30.273312625136832,2.244256653165402,1974.9889618450165,2805.482549580304,0
79.40192142455015,40.42135754568109,26.283422311469394,1.5574837891690119,1577.0976629171919,3081.1664826985934,0
37.4304261019435,58.202771408237595,18.193880301230887,5.029708207494721,1343.1705311550904,4865.1273409325395,1
66.67013573999839,47.02658317875306,27.172854764221018,2.4943319336453826,1470.2734327756348,8403.446277344008,0
82.45159828851884,53.10794558970467,23.587699722732552,2.7644730749031967,1652.0358940766396,9542.917283822246,0
72.00142969911317,58.21720752822175,30.863917935194532,2.4623728633314337,1522.6183025411049,1953.0056815007672,0
65.1067702720755,54.09139596046965,26.407041318262703,1.994426950511461,1596.4827019976015,3516.545290120033,0
84.7025030935277,58.240309240911195,24.80820829943017,2.6114261171049793,1729.374408143233,7473.033138398947,0
97.18783017555538,18.29842020490854,22.22682978514738,3.1785111516465747,1556.9039751809507,9762.101553314349,0
67.38457821980491,55.06192970891966,18.793325818770406,1.9365744491175638,1794.1022847167364,9740.654834525536,0
68.6169938481365,34.84132786164923,20.549785722918003,1.9810459547340336,1474.172226205601,9075.440807528088,0
66.58213311228556,39.93018598518727,31.487965769809342,2.2613393711457985,1272.392298561234,8868.349465608708,0
73.94316528618484,73.31443004338783,27.289767332625406,2.460882141289953,795.6420568267513,9381.00312109567,0
62.44136731892742,56.43358379256354,24.8892310226511,2.7117260883553347,1239.0015073748343,9433.524709906887,0
67.48991314279978,40.642946492088605,30.903843111054208,2.1697170136528743,1460.3349422587166,1544.0130066973843,0
66.8576082940212,35.06189399079791,18.623648959601685,1.936263899218861,1663.0286757124452,8892.76238784794,0
76.73175121286265,41.31105346119228,23.216898544310993,2.5312000010369733,1753.8859496911746,8331.051929089537,0
73.52586642911449,63.4574791709965,32.65117401979471,2.9051489707333498,1306.4814603981467,1111.7719738173664,0
69.14376139432107,0.10241450296712884,11.003662452034849,2.811657509983162,1634.6389961429545,5883.18238573457,0
83.86430973238717,57.13118930991695,22.361669780971145,2.899737053031134,1324.356209331639,7462.6446765639685,0
68.40517715608456,56.52084820239453,24.90461776719522,2.8237506388173257,1311.162071376045,4688.530289095143,0
70.55825279190127,34.0713909833585,22.199532068820403,2.3023175137657996,1418.4805375561502,2705.3691520012767,0
79.41482585605074,65.98789941797676,31.137334925036853,2.2706097514635064,1517.718227091669,2188.4985195037766,0
69.26706853162051,49.60411314064221,22.82152065820207,2.087363662035145,1439.8670906390714,1794.5466342720035,0
73.46766370339678,63.44764457723513,33.017541891754746,1.957757759713413,1361.5852855799403,483.7641200994779,0
76.71098057812097,35.23981047731457,23.43971275534061,2.3326776545637604,1728.7041973767318,596.6148216567963,0
34.25005068677547,61.078052657996494,27.49776384570117,4.396889802631898,1536.0801588128336,6421.116213436641,1
59.474748547793475,53.72922021461792,33.53532048464833,1.8881149390312584,1802.9041938048038,2638.1845766390225,0
79.04458552022713,83.4662298530224,23.149083840691056,2.744671686420652,1256.32545125059,5659.003273564994,0
65.96576800605646,40.83524738357911,25.338381863029927,2.338383612707586,1350.95562481289,8849.945567342555,0
31.840788230223726,64.35137246152841,19.77785102022115,5.981499249479645,1837.9707199460415,5444.4683454397455,1
44.67074692999416,45.639510998342345,27.923634836173868,4.441511246524099,1134.5406390606722,6912.8069789760975,1
77.48202280001495,44.480232442545116,28.11800956190915,1.9506917977547715,1377.9140038810078,833.2498797254075,0
57.23796039299933,53.46298946304012,26.6630411653012,3.380110200770951,1783.6186784470692,6484.814949727195,1
59.99470949516453,16.107590397017034,21.57460268999878,2.499816820280716,1460.2608249221287,8782.3625729425,0
68.02121137931847,48.95342679829162,22.290206647174223,2.9920500822583738,1275.3699751560318,3587.1459862817965,0
54.626464557845665,47.6156452115188,26.679806864932424,3.0758473322970987,1615.160917383193,2473.960836724573,1
52.443450549330784,35.29495137131596,30.82556390166999,2.2168024223070066,1673.0450805211565,4210.608749280066,0
82.85154369625502,51.96347354709704,25.973167282497062,2.52082204610838,1451.3648711516255,7592.125979590317,0
72.8814388868274,78.03220427240096,27.631434783800273,2.9544619467926543,1388.0679325220651,7406.275183352097,0
31.344830096874745,58.27640238904923,23.82804011526547,5.342768946831611,1446.2773286698502,4412.288638673987,1
66.71815636961472,60.306312348336824,25.189453011801014,1.823436163205593,1184.789322259256,4991.889907524238,0
72.74686734921573,59.18766129511084,34.30387042939199,2.3409648394734015,1574.6265274157774,9094.37972082777,0
61.04374076610714,55.247754134352725,28.70998851681706,2.8861054643124056,1074.858302092219,4603.717013086173,0
56.299683892229105,32.874531418061146,26.833056445482136,2.442004982513535,1447.7459382426812,249.43163718972912,0
84.45555637734455,56.63704897658471,34.38725689417874,2.562897318928375,1753.019680436183,3812.81455282307,0
66.34248933934022,46.13185704875118,25.79840051820069,2.532130315219259,1715.0396369192006,6389.709075054721,0
72.61182161606004,62.77838647926647,37.303050831992344,2.686561964127678,1687.8988914796355,3095.1710050321276,0
33.52288692391483,28.472361952704958,32.37727608603465,4.382847036179292,1408.9868337927767,1879.312637747626,1
53.11765414004782,78.12488226627136,23.180710160395,1.9703752361501183,1777.4731022505157,7350.606545499095,0
36.60593897654905,31.81329237003163,15.885241276792733,4.32571222627067,1484.0166348198436,1544.4303292664756,1
65.42628307886478,57.9385030836651,21.75298310866826,2.71015716624205,1136.103907340166,6874.755080859061,0
58.11339122458624,43.19363104388834,26.324384402082398,2.5958697259254384,1616.1147527561,1195.056839333245,0
74.15561023842467,18.623333738952525,24.459374135677404,1.6300643720005874,1463.2675065296835,1398.4273630880919,0
66.67338658118805,74.61949053579212,20.496029539755597,2.753278048528503,1733.6744755004113,1231.6320781656275,0
69.2595530434744,39.39282943561117,33.79034977597707,2.4881475153387727,1575.804085686434,6058.671127860355,0
70.69164068078933,73.92463439734179,23.940152826034446,2.441590600571408,1620.2053730269135,8440.37405159091,0
70.45608393247635,44.00008125103678,20.09286992021963,2.9580457859125437,1436.2239800438688,6080.835260903953,0
65.87857740542358,56.768826374378335,25.74248800483285,2.4733543513309115,1798.5000111690556,4221.288909981764,0
69.88783311984773,82.87336472927808,23.751857360684166,2.811465780415325,1273.1537239615336,5639.26607733279,0
70.5675526584967,54.39001664092385,28.00958525392977,2.6237937165271936,1460.3582527611354,7861.784348185697,0
69.1026048864135,46.67639394720651,13.773484137854071,2.326343725420939,1554.5795235996134,9448.705332297537,0
86.549260775639,31.967090883522047,22.169912559970488,3.0240094093183387,1403.2532820460433,8791.716425187562,0
77.21131279247788,75.3780315521098,25.09901721460384,3.1901401481675733,1522.989912809964,6487.8688452654615,0
69.31074225313543,55.987385659016766,20.436174219770514,2.1179416637193094,1450.2594321074703,6366.285854412858,0
66.66167869950127,50.83663885758903,18.91789002306916,1.78117136224532,1752.5133973397049,9253.323269242506,0
64.93942068373975,19.713792871321388,20.96153389572445,2.092081310265313,1731.8253331507663,9651.413557318889,0
60.360476049822836,45.42175198506392,24.777192638016516,2.5453844660213747,1206.2876019111714,2317.9002326593663,0
66.09346789035459,51.660503990105845,30.45114313193755,2.2587528280507865,1415.6822723226715,5915.085317990969,0
64.9575929779603,34.22668773018702,20.925010200108837,1.6980758313635955,1440.3409238046208,5716.729089165594,0
32.0402423167027,40.562811845944985,23.584057849797098,5.993887328296997,1438.0428359908917,3724.082118615363,1
70.26958819699728,51.41088767565459,24.83300835975552,3.016084198645324,1424.5917521085398,8404.681034523219,0
77.79859707361341,78.11904018576564,31.645577957985342,2.6052885840152533,1345.4380813955675,4719.119426498221,0
79.93932796365303,63.55251426758866,22.17739730264357,2.3990146110212143,1675.6230728104176,5950.859099802162,0
46.59198593232041,47.042264535323525,20.30280070742397,4.893419468837692,1295.6137278058268,2776.7927079036963,1
51.670934717980735,56.12861621069279,22.02302902407569,2.2188825046937226,1674.5266043683573,4448.678608102039,0
73.13706375694359,16.500651093442286,28.39158562200562,3.1225568685751615,1639.1827628172716,8492.09496354226,0
63.762861066948965,48.72313178139977,22.461187858066015,2.871469333331557,1499.100874875239,5634.608722130704,0
59.52597570817578,38.74338912364607,22.912731156918543,2.179233292529089,1730.1635802307298,2837.858381473242,0
49.638442490762024,63.202264477031335,22.329907692608714,1.556996133072268,1185.5791274529322,2045.7666854352713,0
59.829576028738245,51.20908324679915,24.96278633883304,1.847654508110545,1930.640660467354,4720.439548441249,0
60.64568758950197,66.96735467478807,19.079616204023033,2.5212193436467203,1408.9963579065002,4855.135962569819,0
40.18340168075372,41.95597410259026,27.35236266510805,4.2928843843869995,1617.0019548909345,8818.402960113699,1
78.1067961329682,34.97939022957851,27.388250598093578,2.4313789996169413,1294.0031595686958,5578.520614065104,0
60.81802633868064,62.05356871995608,20.276589643572372,3.4671663899365774,1244.8489512732308,6199.067968507833,0
86.03990383529748,40.142211559945906,31.708469179072374,2.565642233346841,1430.5133946319847,2720.1245109849915,0
60.78436382450533,43.15819596133995,24.30220216150329,2.8700737556113736,1528.7829538457563,4774.690061039303,0
64.02122589562792,51.23224720487515,31.680248993740847,1.7944768108120432,1602.9201665787418,9615.983130773348,0
77.5524416455174,29.721930470425054,24.061975176640424,1.7080559821100998,1407.1132915789626,8056.237579169633,0
68.67701086601294,52.05022156489511,25.4717294043189,2.0394139385173835,1225.9258497330413,7860.074642978484,0
77.21520807095449,35.661664137234624,24.651755736981162,2.800589879220258,1347.3641527385053,301.8871918043177,0
60.02287938700856,47.86001507708581,29.976398517498836,2.2866125985292842,1642.8050441821417,2797.6734515327307,0
70.58060917181592,51.4988351485321,31.953133236184655,3.611011724800587,1865.2927214308997,602.6522396196214,0
65.69349833610313,15.111100027183141,19.87385242397342,2.025724845855632,1696.4588323974913,7533.449862410938,0
76.14650743426034,49.74595413649913,28.929083638539606,3.504147433168308,1547.506444643172,3866.2247203409906,0
70.47380292027815,60.11825633549608,25.081720947814855,2.6975582279808425,1731.8591697799534,5167.75146980586,0
60.36959337777681,47.320119238054254,22.025216219369295,3.3400515838909053,1703.7196052456761,6218.561507698681,0
59.783794754617034,39.24808332284651,32.775477694396756,3.933353191043847,1260.1013714885655,4928.967167623261,1
89.31007172618942,50.08630268488055,22.640358250364752,2.574554032870244,1674.316912746956,7585.188872828783,0
80.38009528855626,60.0395287389196,24.17484520575076,2.6674499986491194,1257.1464996381799,2153.587722816262,0
33.11055050807583,44.42529794572635,22.440979241330247,4.524870288406605,1718.062718571975,524.5073233759394,1
72.97428382635684,48.828344323755445,24.47870626158182,1.6976394874417386,1483.2990807149788,1470.5833499147855,0
71.34300123701499,37.064835735156315,20.296952672611845,1.7992390864069252,1301.6243870665735,5116.001808690102,0
48.61259685865623,70.7953375882967,19.775841156169708,4.591535575243485,1701.747944723541,666.0004732842579,1
69.8688465451975,30.337783546554988,30.726416727467008,3.3978902940116225,1444.8129974045105,6563.841361383257,0
35.77716608138513,78.22825787680448,18.560658739023495,5.626024963902424,1605.754559839131,5946.3035825467105,1
73.11769501616857,51.296777245920985,29.108938865526547,2.2345635941447175,1229.1286525308944,9549.640142460414,0
56.99471816241808,72.57581205639076,30.6555283199587,2.2446815171921415,1750.294292833987,4920.191299394958,0
